Question,Answer
What is the component type of EM24DINAV93XDPX,The component type of EM24DINAV93XDPX is a Kilowatt-hour meter.
What is the Max. current (Imax) for EM24DINAV93XDPX,The Max. current (Imax) for EM24DINAV93XDPX is 65 A.
How many products of Allen-Bradley are there in the data,There are six products of Allen-Bradley in the data.
Show me all the products of Allen bradley,"The Allen-Bradley products mentioned in the provided context are:
1. Allen-Bradley 1606 Power Supply HP 1Phase 100 to 240V AC to 24 to 28V DC 480W 20A
2. Allen-Bradley 1606 Power Supply Essential 1Phase 100 to 240V AC to 24 to 28V DC 120W 5A
3. Allen-Bradley 1606 Power Supply Essential 1Phase 240V AC to 24 to 28V DC 240W 10A
4. Allen-Bradley 1606 Power Supply 90 to 264V AC to 24 to 28V DC 240W 10A"
What is the component type of EM24DINAV93XDPX,The component type of EM24DINAV93XDPX is a Kilowatt-hour meter.
"Could you suggest products with a similar configuration (AC/DC, voltage) as Item No. 561163?","Repeat: You may consider products with similar configurations to Item No. 561163 such as Allen-Bradley 1606 Power Supply Compact 1Phase 100 to 240V AC to 24 to 28V DC 15W 0.6A (Item No. 1606XLP15E), Allen-Bradley 1606 Power Supply Compact 1Phase 100 to 240V AC to 24 to 28V DC 50W 2.1A (Item No. 1606XLP50EZ), and Allen-Bradley 1606 Power Supply Compact 1Phase 100 to 240V AC to 24 to 28V DC 50W 2.1A (Item No. 1606XLP50EZ)."
What are the recommended energy management products from NHP?,"Carlo Gavazzi EM111 Direct connect Basic Power Analyser, Carlo Gavazzi EM210 Energy Meters, Carlo Gavazzi EM24DIN NMI Pattern Approved Meters, Carlo Gavazzi EM270 and EM271 Dual Monitoring Meter and CT."
Can you suggest NHP's top-rated power quality solutions?,"NHP's top-rated power quality solutions include Active Harmonic Filters, Power Factor Correction, and Total Power Factor Correction (Hybrid Solution)."
Which NHP products would you recommend for AC energy management?,"Analog and Digital Meters, Branch Circuit Monitoring, Current Transformers and Transducers, Energy Management Solutions, Energy Meters, Multifunction Meters, and Power Analyser are the NHP products recommended for AC energy management."
Can you suggest NHP's digital meters suitable for DC applications?,DG4P0HP2 and DGMN21N6 are NHP's digital meters suitable for DC applications.
What NHP products would be ideal for branch circuit monitoring in industrial settings?,Carlo Gavazzi WM50 Branch Circuit Monitoring solution would be ideal for branch circuit monitoring in industrial settings.
Could you recommend NHP energy management solutions tailored for commercial buildings?,"NHP offers a range of energy management solutions tailored for commercial buildings, including analogue and digital meters, branch circuit monitoring, current transformers and transducers, energy management solutions, energy meters, multifunction meters, and power analyzers. These solutions are designed to assist businesses in optimizing energy usage and improving operational efficiency in commercial building settings."
What are the highest-rated power analyzers offered by NHP?,The highest-rated power analyzers offered by NHP are the Allen-Bradley Power Monitor 5000 Advanced Power Analyser and the IME NEMO96 EA Multifunction Meter and Power Analyser.
Can you recommend NHP's top-rated current transformers for high-voltage applications?,IME TAS127 Solid Core Current Transformers are recommended for high-voltage applications based on the provided context information.
Could you suggest NHP products for branch circuit monitoring with a focus on AC applications?,"Carlo Gavazzi WM50 Branch Circuit Monitoring solution is recommended for branch circuit monitoring with a focus on AC applications. It is designed to connect directly to the load side of circuit breakers for simultaneous monitoring of numerous single and/or three-phase loads, making it suitable for AC applications."
What are the top-rated energy management solutions from NHP suitable for industrial usage and rated for high voltage?,The top-rated energy management solutions from NHP suitable for industrial usage and rated for high voltage include the IME NEMO 96 EA Power Analyser and the IME D4CR12 Pulse Acquisition Module with 12 Passive Inputs to RS485 240V.
Which NHP products are compatible with Allen-Bradley systems for energy management?,"The NHP products that are compatible with Allen-Bradley systems for energy management include the Allen-Bradley PM1000 Energy Monitor EM3 120 and 240 AC Power Supply, Allen-Bradley PM1000 Energy Monitor EM3 with EtherNet, and Allen-Bradley PM1000 Energy Monitor TS3 with Modbus RS485 and EtherNet IP TCP."
Can you recommend NHP's power quality solutions compatible with existing Schneider Electric installations?,"NHP's power quality solutions, such as Active Harmonic Filters, Power Factor Correction, and Total Power Factor Correction (Hybrid Solution), are compatible with existing Schneider Electric installations."
What are some cost-effective energy management products from NHP suitable for small businesses?,"Some cost-effective energy management products from NHP suitable for small businesses include basic energy meters, branch circuit monitoring solutions, and energy management gateways. These products offer efficient energy monitoring and management capabilities at a reasonable cost, making them ideal for small business energy optimization needs."
Can you suggest budget-friendly power quality solutions from NHP for startups?,"NHP offers budget-friendly power quality solutions for startups, including Active Harmonic Filters for harmonic mitigation, Power Factor Correction solutions like the Delta Static Var Generators (SVG), and the Total Power Factor Correction (Hybrid Solution) which combines APF and SVG systems. These solutions are designed to ensure a reliable power supply, safeguard against equipment damage, and improve operational continuity at a cost-effective price point for startups."
Could you recommend NHP products that seamlessly integrate with existing Modbus communication systems?,Carlo Gavazzi WM30/WM40 Modbus TCP Communication Plugin Module and Carlo Gavazzi WM30/WM40 Modbus RS485 Communication Plugin Module are NHP products that seamlessly integrate with existing Modbus communication systems.
What energy management solutions from NHP offer easy integration with Building Management Systems (BMS)?,"The Carlo Gavazzi Energy Management Gateways from NHP offer easy integration with Building Management Systems (BMS) due to their comprehensive communication capabilities that allow them to act as dataloggers, gateways, or controllers for BACnet devices, gathering data from various meters, environmental sensors, and other Modbus devices."
What NHP energy management solutions offer options for tailored monitoring and reporting functionalities?,"NHP's Energy Management Solutions offer options for tailored monitoring and reporting functionalities. These solutions encompass a range of products such as analogue and digital meters, branch circuit monitoring, current transformers and transducers, energy meters, multifunction meters, power analyzers, and pulse acquisition meters. These products are designed to assist businesses in optimizing energy usage and improving operational efficiency by providing detailed monitoring and reporting capabilities tailored to their specific needs."
Which NHP products are recommended for energy management in eco-friendly initiatives?,Carlo Gavazzi Energy Management Gateways and NHP SMART eBox are recommended NHP products for energy management in eco-friendly initiatives.
Can you suggest power quality solutions from NHP that contribute to energy efficiency and sustainability goals?,"Active Harmonic Filters, Power Factor Correction, and Total Power Factor Correction (Hybrid Solution) are power quality solutions from NHP that contribute to energy efficiency and sustainability goals."
What are the top-rated energy management solutions from NHP suitable for industrial usage and rated for high voltage?,"The top-rated energy management solutions from NHP suitable for industrial usage and rated for high voltage include the IME NEMO 96 EA Multifunction Meter and Power Analyser, as well as the IME D4CR12 Pulse Acquisition Module with 12 Passive Inputs to RS485 240V."
What are some cost-effective energy management products from NHP suitable for small businesses?,"Some cost-effective energy management products from NHP suitable for small businesses include basic energy meters, multifunction meters, and pulse acquisition meters. These products offer easy installation, flexibility in monitoring energy consumption, and the ability to analyze energy usage effectively for small business operations."
Can you suggest budget-friendly power quality solutions from NHP for startups?,"NHP offers budget-friendly power quality solutions for startups, including Active Harmonic Filters for harmonic mitigation, Power Factor Correction with Delta Static Var Generators for correcting power factor, and Total Power Factor Correction (Hybrid Solution) which combines APF and SVG systems for power correction. These solutions are cost-effective and provide reliable power quality for businesses."
Which NHP products would you recommend for AC energy management?,"NHP offers a variety of products for AC energy management such as Analogue and Digital Meters, Branch Circuit Monitoring, Current Transformers and Transducers, Energy Management Solutions, Energy Meters, Multifunction Meters, and Power Analyser."
Can you suggest NHP's top-rated power quality solutions?,"Active Harmonic Filters, Power Factor Correction, and Total Power Factor Correction (Hybrid Solution) are NHP's top-rated power quality solutions."
What are the recommended energy management products from NHP?,Carlo Gavazzi Energy Management Gateways and NHP SMART eBox are the recommended energy management products from NHP.
Can you suggest NHP's top-rated power quality solutions?,"Active Harmonic Filters, Power Factor Correction, and Total Power Factor Correction (Hybrid Solution) are NHP's top-rated power quality solutions."
Can you recommend an Allen-Bradley uninterruptible power supply (UPS) with a capacity of at least 600VA and compatible with 230V AC input?,Allen-Bradley 1609 Uninterruptible Power Supply Commercial 240V AC 8000VA (Item No. 1609P8000E) would be a suitable recommendation as it has a capacity of 8000VA and is compatible with 240V AC input.
I need a UPS battery suitable for the Allen-Bradley 1609 series UPS with a temperature tolerance of up to 50 degrees Celsius. Any recommendations?,The Allen-Bradley 1609 Uninterruptible Power Supply Battery 50 Degrees Celsius (1609HBAT) is recommended for the Allen-Bradley 1609 series UPS with a temperature tolerance of up to 50 degrees Celsius.
What hardwire kit would you suggest for Allen-Bradley 1609 UPS systems with capacities of 3kVA and 5kVA?,"For Allen-Bradley 1609 UPS systems with capacities of 3kVA and 5kVA, the hardwire kit that would be suggested is the Allen-Bradley 1609 Uninterruptible Power Supply External Battery Pack for P Series."
What bypass switch would you recommend for Allen-Bradley UPS systems with a capacity of up to 16kVA?,Allen-Bradley 1609 Uninterruptible Power Supply Bypass Switch up to 16kVA.
Can you suggest a commercial UPS from Allen-Bradley with a 240V AC input and a capacity of 8000VA?,Allen-Bradley 1609 Uninterruptible Power Supply Commercial 240V AC 8000VA.
Which Allen-Bradley UPS would you recommend for commercial use with a 240V AC input and a capacity of 5000VA?,I would recommend the Allen-Bradley 1609 Uninterruptible Power Supply Commercial 240V AC 5000VA.
